{
  "project_info": {
    "project_number": "55161821592",
    "project_id": "chatnet-7c783",
    "storage_bucket": "chatnet-7c783.appspot.com"
  },
  "client": [
    {
      "client_info": {
        "mobilesdk_app_id": "1:55161821592:android:0cc224384685321e47b3ed",
        "android_client_info": {
          "package_name": "com.example.chatnet"
        }
      },
      "oauth_client": [
        {
          "client_id": "55161821592-9b2lpgd1u9hfa3sn7blnofumrvm1mjnb.apps.googleusercontent.com",
          "client_type": 3
        }
      ],
      "api_key": [
        {
          "current_key": "AIzaSyCGXJrS3nyaC6or2-IDoL94b758YJq26iQ"
        }
      ],
      "services": {
        "appinvite_service": {
          "other_platform_oauth_client": [
            {
              "client_id": "55161821592-9b2lpgd1u9hfa3sn7blnofumrvm1mjnb.apps.googleusercontent.com",
              "client_type": 3
            }
          ]
        }
      }
    }
  ],
  "configuration_version": "1"
}